-- phpMyAdmin SQL Dump
-- version 5.1.1
-- https://www.phpmyadmin.net/
--
-- Host: 127.0.0.1
-- Tempo de geração: 21-Set-2021 às 20:07
-- Versão do servidor: 10.4.21-MariaDB
-- versão do PHP: 8.0.10

SET SQL_MODE = "NO_AUTO_VALUE_ON_ZERO";
START TRANSACTION;
SET time_zone = "+00:00";


/*!40101 SET @OLD_CHARACTER_SET_CLIENT=@@CHARACTER_SET_CLIENT */;
/*!40101 SET @OLD_CHARACTER_SET_RESULTS=@@CHARACTER_SET_RESULTS */;
/*!40101 SET @OLD_COLLATION_CONNECTION=@@COLLATION_CONNECTION */;
/*!40101 SET NAMES utf8mb4 */;

--
-- Banco de dados: `icct`
--

-- --------------------------------------------------------

--
-- Estrutura da tabela `dqc84`
--

CREATE TABLE `dqc84` (
  `id` int(11) NOT NULL,
  `MODEL` int(11) NOT NULL,
  `FAT_PART_NO` varchar(15) NOT NULL,
  `TOTAL_LOCATION` int(11) NOT NULL,
  `CREATE_DT` timestamp NOT NULL DEFAULT current_timestamp() ON UPDATE current_timestamp(),
  `UPDATE_DT` timestamp NOT NULL DEFAULT current_timestamp() ON UPDATE current_timestamp()
) ENGINE=InnoDB DEFAULT CHARSET=utf8;

--
-- Extraindo dados da tabela `dqc84`
--

INSERT INTO `dqc84` (`id`, `MODEL`, `FAT_PART_NO`, `TOTAL_LOCATION`, `CREATE_DT`, `UPDATE_DT`) VALUES
(1, 1, 'SD018CMAB1R', 124, '2021-09-21 14:07:40', '2021-09-21 14:07:40'),
(2, 1, 'SD018CMAB0T', 129, '2021-09-21 14:08:00', '2021-09-21 14:08:00'),
(3, 1, 'SD018PMAB0P', 2, '2021-09-21 14:08:14', '2021-09-21 14:08:14'),
(4, 1, 'SD018HANB0D', 3, '2021-09-21 14:08:28', '2021-09-21 14:08:28');

-- --------------------------------------------------------

--
-- Estrutura da tabela `dqc841`
--

CREATE TABLE `dqc841` (
  `id` int(11) NOT NULL,
  `PARTS_NO` varchar(15) NOT NULL,
  `UNT_USG` int(11) NOT NULL,
  `DESCRIPTION` longtext NOT NULL,
  `REF_DESIGNATOR` longtext DEFAULT NULL,
  `UPDATE_DT` timestamp NOT NULL DEFAULT current_timestamp() ON UPDATE current_timestamp(),
  `FAT_PART_NO` int(11) NOT NULL
) ENGINE=InnoDB DEFAULT CHARSET=utf8;

--
-- Extraindo dados da tabela `dqc841`
--

INSERT INTO `dqc841` (`id`, `PARTS_NO`, `UNT_USG`, `DESCRIPTION`, `REF_DESIGNATOR`, `UPDATE_DT`, `FAT_PART_NO`) VALUES
(1, 'HGSE5014R05', 1, 'LABEL PCB BARCODE LABEL 10X6MM 25# PLASTIC BLANK', '', '2021-09-21 14:25:08', 2),
(2, 'SAH00001Z09', 1, 'IC(EEPROM) 24C04 4K UFDFPN 8P 1.7~3.6V TP', 'U10', '2021-09-21 14:33:48', 2),
(3, 'SAH8NCJRZ05', 8, 'IC(DDR4 SDRAM) 1GX8 2666 FBGA 78P 1.2V TP', 'U1,U2,U3,U4,U5,U6,U7,U8', '2021-09-21 14:34:49', 2),
(4, 'SD018CMAB1R', 1, 'SMT BUTTOM', '\r\n', '2021-09-21 14:37:35', 2),
(5, 'SDH20017Z04', 48, 'CHIP RES. 1/20W 15 +-5% 0201', 'R1_AR1,R1_AR10,R1_AR13,R1_AR14,R1_AR17,R1_AR18,R1_AR19,R1_AR2,R1_AR20,R1_AR21,R1_AR22,R1_AR23,R1_AR24,R1_AR25,R1_AR26,R1_AR37,R1_AR39,R1_AR41,R1_AR43,R1_AR45,R1_AR47,R1_AR49,R1_AR51,R1_AR9,R2_AR1,R2_AR10,R2_AR13,R2_AR14,R2_AR17,R2_AR18,R2_AR19,R2_AR2,R2_AR20,R2_AR21,R2_AR22,R2_AR23,R2_AR24,R2_AR25,R2_AR26,R2_AR37,R2_AR39,R2_AR41,R2_AR43,R2_AR45,R2_AR47,R2_AR49,R2_AR51,R2_AR9\r\n', '2021-09-21 14:39:06', 2),
(6, 'SDH40009Z07', 8, 'CHIP RES. 1/16W 240 +-1% 0402', 'R1,R2,R3,R4,R5,R6,R7,R8\r\n', '2021-09-21 14:40:13', 2),
(7, 'SDH40012Z08', 1, 'CHIP RES. 1/16W 47 +-5% 0402', 'R31', '2021-09-21 14:41:34', 2),
(8, 'SEH40002Z01', 8, 'CHIP CAP. (MLCC) 0.1U 10V +-10% X7R 0402', 'C2,C26,C38,C50,C62,C8,C80,C92', '2021-09-21 14:42:45', 2),
(9, 'SEH40004Z04', 11, 'CHIP CAP. (MLCC) 1U 6.3V +-10% X5R 0402', 'C1003,C33,C34,C39,C45,C46,C51,C57,C75,C87,C9', '2021-09-21 14:43:42', 2),
(10, 'SEH40005Z01', 5, 'CHIP CAP. (MLCC) 4.7U 6.3V +-20% X5R 0402', 'C40,C81,C88,C93,C94', '2021-09-21 14:44:42', 2),
(11, 'SEH40007Z03', 23, 'CHIP CAP. (MLCC) 10U 6.3V +-20% X5R 0402', 'C1005,C1006,C1007,C1011,C1012,C115,C23,C24,C25,C29,C30,C31,C35,C37,C42,C6,C72,C73,C77,C78,C90,C91,C97', '2021-09-21 14:45:34', 2),
(12, 'SEH40014Z00', 7, 'CHIP CAP. (MLCC) 1U 10V +-10% X5R 0402', 'C100,C105,C106,C113,C114,C119,C120', '2021-09-21 14:46:22', 2),
(13, 'SEH60008Z05', 4, 'CHIP CAP. (MLCC) 22U 6.3V +-20% X5R 0603', 'C1161,C117,C1171,C118', '2021-09-21 14:47:24', 2),
(14, 'SRH00003Z08', 5, 'CHIP RES. ARRAY 1/16W 36 +-5% 0508(0402X4) 8P4R', '4AR15,4AR17,4AR2,4AR5,4AR8', '2021-09-21 14:48:18', 2),
(15, 'ZZ705101R08', 237, 'SOLDER PASTE M705-S101HF-S4 EX:ROL0 SN/AG3/CU0.5', '', '2021-09-21 14:49:58', 2),
(16, 'DAH10003Z04', 1, 'PCB_MULTI LAYER_10S_1OZ FR4 ENIG', 'PCB', '2021-09-21 14:50:52', 1),
(17, 'SAH8NCJRZ05', 8, 'IC(DDR4 SDRAM) 1GX8 2666 FBGA 78P 1.2V TP', 'U11,U12,U13,U14,U15,U16,U17,U18', '2021-09-21 14:51:42', 1),
(18, 'SDH20017Z04', 48, 'CHIP RES. 1/20W 15 +-5% 0201', 'R1_AR11,R1_AR12,R1_AR15,R1_AR16,R1_AR27,R1_AR28,R1_AR29,R1_AR3,R1_AR30,R1_AR31,R1_AR32,R1_AR33,R1_AR34,R1_AR35,R1_AR36,R1_AR38,R1_AR4,R1_AR40,R1_AR42,R1_AR44,R1_AR46,R1_AR48,R1_AR50,R1_AR52,R2_AR11,R2_AR12,R2_AR15,R2_AR16,R2_AR27,R2_AR28,R2_AR29,R2_AR3,R2_AR30,R2_AR31,R2_AR32,R2_AR33,R2_AR34,R2_AR35,R2_AR36,R2_AR38,R2_AR4,R2_AR40,R2_AR42,R2_AR44,R2_AR46,R2_AR48,R2_AR50,R2_AR52', '2021-09-21 14:52:34', 1),
(19, 'SDH40009Z07', 8, 'CHIP RES. 1/16W 240 +-1% 0402', 'R10,R11,R12,R13,R14,R15,R16,R9', '2021-09-21 14:53:19', 1),
(20, 'SEH40001Z05', 2, 'CHIP CAP. (MLCC) 0.01U 16V +-10% X7R 0402', 'C98,C99', '2021-09-21 14:54:23', 1),
(21, 'SEH40002Z01', 10, 'CHIP CAP. (MLCC) 0.1U 10V +-10% X7R 0402', 'C1,C1002,C1008,C14,C20,C44,C56,C68,C74,C86', '2021-09-21 14:55:11', 1),
(22, 'SEH40004Z04', 11, 'CHIP CAP. (MLCC) 1U 6.3V +-10% X5R 0402', 'C16,C21,C27,C28,C52,C58,C63,C69,C70,C76,C82', '2021-09-21 14:55:53', 1),
(23, 'SEH40005Z01', 5, 'CHIP CAP. (MLCC) 4.7U 6.3V +-20% X5R 0402', 'C10,C1009,C15,C22,C64', '2021-09-21 14:56:43', 1),
(24, 'SEH40007Z03', 19, 'CHIP CAP. (MLCC) 10U 6.3V +-20% X5R 0402', 'C1013,C1014,C1015,C12,C36,C41,C43,C47,C48,C49,C5,C53,C54,C55,C59,C60,C85,C95,C96', '2021-09-21 14:57:31', 1),
(25, 'SEH40014Z00', 7, 'CHIP CAP. (MLCC) 1U 10V +-10% X5R 0402', 'C104,C107,C108,C109,C110,C111,C112', '2021-09-21 14:58:16', 1),
(26, 'SEH60008Z05', 1, 'CHIP CAP. (MLCC) 22U 6.3V +-20% X5R 0603', 'C116', '2021-09-21 14:58:59', 1),
(27, 'SRH00003Z08', 4, 'CHIP RES. ARRAY 1/16W 36 +-5% 0508(0402X4) 8P4R', '4AR10,4AR14,4AR21,4AR23', '2021-09-21 15:00:25', 1),
(28, 'ZZ705101R08', 228, 'SOLDER PASTE M705-S101HF-S4 EX:ROL0 SN/AG3/CU0.5', '', '2021-09-21 15:01:15', 1),
(29, 'HASD0140Z07', 13333, 'PIZZA BOX KRAFT 376X330X50(810X588),3C,B FLUTE,BR', '', '2021-09-21 15:02:09', 4),
(30, 'HBSD0140Z05', 2667, 'CARTON KRAFT 383X338X270(1480X608),1C,B FLUTE,B', '', '2021-09-21 15:02:52', 4),
(31, 'HESE5011R08', 237, 'CORNER-POTECTED-B150 KRAFT 150X50X5MM 5P 500G/M2+ 2C 250G/M2', '', '2021-09-21 15:03:33', 4),
(32, 'HESE5051R00', 119, 'PAPER PAD(PALLET) KRAFT 1050X1060MM BC FLUTE 12KGF/CM2', '', '2021-09-21 15:04:26', 4),
(33, 'HESP9173L03', 237, 'EDGE PROTECTOR KRAFT 1300X50X5MM 5P 500G/M2+2P 250G/M2', '', '2021-09-21 15:05:07', 4),
(34, 'HGSD0140Z01', 26667, 'VOID LABEL', '', '2021-09-21 15:05:50', 4),
(35, 'HGSD0141Z07', 13333, 'TRAY LABEL ESD WHITE POLYIMIDE,1C 76.2X10.16MM ?', '', '2021-09-21 15:06:31', 4),
(36, 'HGSD0142Z03', 13333, 'BOX LABELLABEL 75X55MM,WHITE POLYIMIDE,4C ?', '', '2021-09-21 15:07:14', 4),
(37, 'HGSD0143Z00', 2667, 'CARTON LABEL 100X80MM,WHITE POLYIMIDE,4C ?', '', '2021-09-21 15:07:50', 4),
(38, 'HGSD0144Z06', 1, 'PRODUCT LABEL (DIMM)LABEL ESD WHITE POLYIMIDE,4C 42X9MM ?', '', '2021-09-21 15:08:32', 4),
(39, 'HGSE5021P07', 1, 'SUFRAMA MARK LABEL 10X15MM PLASTIC (HOLOGRAPHIC FILM) 1C', '', '2021-09-21 15:09:20', 4),
(40, 'HKSD0140Z08', 13333, 'ESD VACUUM BAG ? STATIC PET+AL+ONY+PE, 0.15T 520X440MM', '', '2021-09-21 15:10:01', 4),
(41, 'HNSD0140Z01', 13333, 'BLISTER (COVER) 360X320X270X33.2MM,06 BR PET', '', '2021-09-21 15:10:36', 4),
(42, 'HNSD0141Z07', 13333, 'BLISTER (TRAY) 360X320X270X36.8MM,1.2T ,BLACK,BR PS', '', '2021-09-21 15:11:08', 4),
(43, 'HPSP63L0Z06', 13333, 'DESICCANT (20G) WHITE 80X130MM 1C 20G SILICA GEL', '', '2021-09-21 15:11:49', 4),
(44, 'SD018PMAB0P', 1, 'TEST TEST', '', '2021-09-21 15:12:23', 4),
(45, 'ZZE31375H03', 90006, 'ADHESIVE TAPE(BRAZIL) OPP 50.8MMX1000M ROLL RED PORTUGUESE', '', '2021-09-21 15:14:23', 4),
(46, 'ZZS26050Q08', 102, 'RIBBON(R300) R300 W60 L450 BLK\r\n', '', '2021-09-21 15:15:09', 4),
(47, 'ZZSD0140Z01', 53005, 'RIBBON(R300) R300 BLK W110 L450', '', '2021-09-21 15:15:52', 4),
(48, 'DDH00004Z04', 1, 'SOFTWARE HLMA82GS6CJR8N-VK', '', '2021-09-21 15:16:25', 4),
(49, 'DDH00004Z04', 1, 'SMT TOP\r\n', '', '2021-09-21 15:19:20', 3);

-- --------------------------------------------------------

--
-- Estrutura da tabela `dqcmodel`
--

CREATE TABLE `dqcmodel` (
  `id` int(11) NOT NULL,
  `MODEL` varchar(10) NOT NULL
) ENGINE=InnoDB DEFAULT CHARSET=utf8;

--
-- Extraindo dados da tabela `dqcmodel`
--

INSERT INTO `dqcmodel` (`id`, `MODEL`) VALUES
(1, 'SSD018'),
(2, 'SSD019'),
(3, 'SSD020');

--
-- Índices para tabelas despejadas
--

--
-- Índices para tabela `dqc84`
--
ALTER TABLE `dqc84`
  ADD PRIMARY KEY (`id`),
  ADD UNIQUE KEY `FAT_PART_NO_UNIQUE` (`FAT_PART_NO`),
  ADD KEY `fk_DQC84_DQCMODEL_idx` (`MODEL`);

--
-- Índices para tabela `dqc841`
--
ALTER TABLE `dqc841`
  ADD PRIMARY KEY (`id`),
  ADD KEY `fk_DQC841_DQC841_idx` (`FAT_PART_NO`);

--
-- Índices para tabela `dqcmodel`
--
ALTER TABLE `dqcmodel`
  ADD PRIMARY KEY (`id`),
  ADD UNIQUE KEY `DQCMODELcol_UNIQUE` (`MODEL`);

--
-- AUTO_INCREMENT de tabelas despejadas
--

--
-- AUTO_INCREMENT de tabela `dqc84`
--
ALTER TABLE `dqc84`
  MODIFY `id` int(11) NOT NULL AUTO_INCREMENT, AUTO_INCREMENT=5;

--
-- AUTO_INCREMENT de tabela `dqc841`
--
ALTER TABLE `dqc841`
  MODIFY `id` int(11) NOT NULL AUTO_INCREMENT, AUTO_INCREMENT=50;

--
-- AUTO_INCREMENT de tabela `dqcmodel`
--
ALTER TABLE `dqcmodel`
  MODIFY `id` int(11) NOT NULL AUTO_INCREMENT, AUTO_INCREMENT=4;

--
-- Restrições para despejos de tabelas
--

--
-- Limitadores para a tabela `dqc84`
--
ALTER TABLE `dqc84`
  ADD CONSTRAINT `fk_DQC84_DQCMODEL` FOREIGN KEY (`MODEL`) REFERENCES `dqcmodel` (`id`) ON DELETE CASCADE ON UPDATE NO ACTION;

--
-- Limitadores para a tabela `dqc841`
--
ALTER TABLE `dqc841`
  ADD CONSTRAINT `fk_DQC841_DQC841` FOREIGN KEY (`FAT_PART_NO`) REFERENCES `dqc84` (`id`) ON DELETE CASCADE ON UPDATE NO ACTION;
COMMIT;

/*!40101 SET CHARACTER_SET_CLIENT=@OLD_CHARACTER_SET_CLIENT */;
/*!40101 SET CHARACTER_SET_RESULTS=@OLD_CHARACTER_SET_RESULTS */;
/*!40101 SET COLLATION_CONNECTION=@OLD_COLLATION_CONNECTION */;
